{
    "name": "Global Information",
    "numberOfRequests": {
        "total": 12000,
        "ok": 1331,
        "ko": 10669
    },
    "minResponseTime": {
        "total": 30,
        "ok": 30,
        "ko": 9974
    },
    "maxResponseTime": {
        "total": 41759,
        "ok": 41759,
        "ko": 18427
    },
    "meanResponseTime": {
        "total": 10456,
        "ok": 13625,
        "ko": 10060
    },
    "standardDeviation": {
        "total": 4546,
        "ok": 13137,
        "ko": 552
    },
    "percentiles1": {
        "total": 10001,
        "ok": 7085,
        "ko": 10001
    },
    "percentiles2": {
        "total": 10001,
        "ok": 28419,
        "ko": 10001
    },
    "percentiles3": {
        "total": 11009,
        "ok": 34742,
        "ko": 10007
    },
    "percentiles4": {
        "total": 33557,
        "ok": 38661,
        "ko": 12605
    },
    "group1": {
        "name": "t < 800 ms",
        "count": 124,
        "percentage": 1
    },
    "group2": {
        "name": "800 ms < t < 1200 ms",
        "count": 71,
        "percentage": 1
    },
    "group3": {
        "name": "t > 1200 ms",
        "count": 1136,
        "percentage": 9
    },
    "group4": {
        "name": "failed",
        "count": 10669,
        "percentage": 89
    },
    "meanNumberOfRequestsPerSecond": {
        "total": 153.84615384615384,
        "ok": 17.064102564102566,
        "ko": 136.78205128205127
    }
}